America/New_York,US,LMT,-2717650801,-17762,0
America/New_York,US,EST,-2717650800,-18000,0
America/New_York,US,EDT,-1633280400,-14400,1
America/New_York,US,EST,-1615140000,-18000,0
America/New_York,US,EDT,-1601830800,-14400,1
America/New_York,US,EST,-1583690400,-18000,0
America/New_York,US,EDT,-1570381200,-14400,1
America/New_York,US,EST,-1551636000,-18000,0
America/New_York,US,EDT,-1536512400,-14400,1
America/New_York,US,EST,-1523210400,-18000,0
America/New_York,US,EDT,-1504458000,-14400,1
America/New_York,US,EST,-1491760800,-18000,0
America/New_York,US,EDT,-1473008400,-14400,1
America/New_York,US,EST,-1459706400,-18000,0
America/New_York,US,EDT,-1441558800,-14400,1
America/New_York,US,EST,-1428256800,-18000,0
America/New_York,US,EDT,-1410109200,-14400,1
America/New_York,US,EST,-1396807200,-18000,0
America/New_York,US,EDT,-1378659600,-14400,1
America/New_York,US,EST,-1365357600,-18000,0
America/New_York,US,EDT,-1347210000,-14400,1
America/New_York,US,EST,-1333908000,-18000,0
America/New_York,US,EDT,-1315155600,-14400,1
America/New_York,US,EST,-1301853600,-18000,0
America/New_York,US,EDT,-1283706000,-14400,1
America/New_York,US,EST,-1270404000,-18000,0
America/New_York,US,EDT,-1252256400,-14400,1
America/New_York,US,EST,-1238954400,-18000,0
America/New_York,US,EDT,-1220806800,-14400,1
America/New_York,US,EST,-1207504800,-18000,0
America/New_York,US,EDT,-1189357200,-14400,1
America/New_York,US,EST,-1176055200,-18000,0
America/New_York,US,EDT,-1157302800,-14400,1
America/New_York,US,EST,-1144605600,-18000,0
America/New_York,US,EDT,-1125853200,-14400,1
America/New_York,US,EST,-1112551200,-18000,0
America/New_York,US,EDT,-1094403600,-14400,1
America/New_York,US,EST,-1081101600,-18000,0
America/New_York,US,EDT,-1062954000,-14400,1
America/New_York,US,EST,-1049652000,-18000,0
America/New_York,US,EDT,-1031504400,-14400,1
America/New_York,US,EST,-1018202400,-18000,0
America/New_York,US,EDT,-1000054800,-14400,1
America/New_York,US,EST,-986752800,-18000,0
America/New_York,US,EDT,-968000400,-14400,1
America/New_York,US,EST,-955303200,-18000,0
America/New_York,US,EDT,-936550800,-14400,1
America/New_York,US,EST,-923248800,-18000,0
America/New_York,US,EDT,-905101200,-14400,1
America/New_York,US,EST,-891799200,-18000,0
America/New_York,US,EWT,-880218000,-14400,1
America/New_York,US,EPT,-769395600,-14400,1
America/New_York,US,EST,-765396000,-18000,0
America/New_York,US,EDT,-747248400,-14400,1
America/New_York,US,EST,-733946400,-18000,0
America/New_York,US,EDT,-715798800,-14400,1
America/New_York,US,EST,-702496800,-18000,0
America/New_York,US,EDT,-684349200,-14400,1
America/New_York,US,EST,-671047200,-18000,0
America/New_York,US,EDT,-652899600,-14400,1
America/New_York,US,EST,-639597600,-18000,0
America/New_York,US,EDT,-620845200,-14400,1
America/New_York,US,EST,-608148000,-18000,0
America/New_York,US,EDT,-589395600,-14400,1
America/New_York,US,EST,-576093600,-18000,0
America/New_York,US,EDT,-557946000,-14400,1
America/New_York,US,EST,-544644000,-18000,0
America/New_York,US,EDT,-526496400,-14400,1
America/New_York,US,EST,-513194400,-18000,0
America/New_York,US,EDT,-495046800,-14400,1
America/New_York,US,EST,-481744800,-18000,0
America/New_York,US,EDT,-463597200,-14400,1
America/New_York,US,EST,-447271200,-18000,0
America/New_York,US,EDT,-431542800,-14400,1
America/New_York,US,EST,-415821600,-18000,0
America/New_York,US,EDT,-400093200,-14400,1
America/New_York,US,EST,-384372000,-18000,0
America/New_York,US,EDT,-368643600,-14400,1
America/New_York,US,EST,-352922400,-18000,0
America/New_York,US,EDT,-337194000,-14400,1
America/New_York,US,EST,-321472800,-18000,0
America/New_York,US,EDT,-305744400,-14400,1
America/New_York,US,EST,-289418400,-18000,0
America/New_York,US,EDT,-273690000,-14400,1
America/New_York,US,EST,-257968800,-18000,0
America/New_York,US,EDT,-242240400,-14400,1
America/New_York,US,EST,-226519200,-18000,0
America/New_York,US,EDT,-210790800,-14400,1
America/New_York,US,EST,-195069600,-18000,0
America/New_York,US,EDT,-179341200,-14400,1
America/New_York,US,EST,-163620000,-18000,0
America/New_York,US,EDT,-147891600,-14400,1
America/New_York,US,EST,-131565600,-18000,0
America/New_York,US,EDT,-116442000,-14400,1
America/New_York,US,EST,-100116000,-18000,0
America/New_York,US,EDT,-84387600,-14400,1
America/New_York,US,EST,-68666400,-18000,0
America/New_York,US,EDT,-52938000,-14400,1
America/New_York,US,EST,-37216800,-18000,0
America/New_York,US,EDT,-21488400,-14400,1
America/New_York,US,EST,-5767200,-18000,0
America/New_York,US,EDT,9961200,-14400,1
America/New_York,US,EST,25682400,-18000,0
America/New_York,US,EDT,41410800,-14400,1
America/New_York,US,EST,57736800,-18000,0
America/New_York,US,EDT,73465200,-14400,1
America/New_York,US,EST,89186400,-18000,0
America/New_York,US,EDT,104914800,-14400,1
America/New_York,US,EST,120636000,-18000,0
America/New_York,US,EDT,126687600,-14400,1
America/New_York,US,EST,152085600,-18000,0
America/New_York,US,EDT,162370800,-14400,1
America/New_York,US,EST,183535200,-18000,0
America/New_York,US,EDT,199263600,-14400,1
America/New_York,US,EST,215589600,-18000,0
America/New_York,US,EDT,230713200,-14400,1
America/New_York,US,EST,247039200,-18000,0
America/New_York,US,EDT,262767600,-14400,1
America/New_York,US,EST,278488800,-18000,0
America/New_York,US,EDT,294217200,-14400,1
America/New_York,US,EST,309938400,-18000,0
America/New_York,US,EDT,325666800,-14400,1
America/New_York,US,EST,341388000,-18000,0
America/New_York,US,EDT,357116400,-14400,1
America/New_York,US,EST,372837600,-18000,0
America/New_York,US,EDT,388566000,-14400,1
America/New_York,US,EST,404892000,-18000,0
America/New_York,US,EDT,420015600,-14400,1
America/New_York,US,EST,436341600,-18000,0
America/New_York,US,EDT,452070000,-14400,1
America/New_York,US,EST,467791200,-18000,0
America/New_York,US,EDT,483519600,-14400,1
America/New_York,US,EST,499240800,-18000,0
America/New_York,US,EDT,514969200,-14400,1
America/New_York,US,EST,530690400,-18000,0
America/New_York,US,EDT,544604400,-14400,1
America/New_York,US,EST,562140000,-18000,0
America/New_York,US,EDT,576054000,-14400,1
America/New_York,US,EST,594194400,-18000,0
America/New_York,US,EDT,607503600,-14400,1
America/New_York,US,EST,625644000,-18000,0
America/New_York,US,EDT,638953200,-14400,1
America/New_York,US,EST,657093600,-18000,0
America/New_York,US,EDT,671007600,-14400,1
America/New_York,US,EST,688543200,-18000,0
America/New_York,US,EDT,702457200,-14400,1
America/New_York,US,EST,719992800,-18000,0
America/New_York,US,EDT,733906800,-14400,1
America/New_York,US,EST,752047200,-18000,0
America/New_York,US,EDT,765356400,-14400,1
America/New_York,US,EST,783496800,-18000,0
America/New_York,US,EDT,796806000,-14400,1
America/New_York,US,EST,814946400,-18000,0
America/New_York,US,EDT,828860400,-14400,1
America/New_York,US,EST,846396000,-18000,0
America/New_York,US,EDT,860310000,-14400,1
America/New_York,US,EST,877845600,-18000,0
America/New_York,US,EDT,891759600,-14400,1
America/New_York,US,EST,909295200,-18000,0
America/New_York,US,EDT,923209200,-14400,1
America/New_York,US,EST,941349600,-18000,0
America/New_York,US,EDT,954658800,-14400,1
America/New_York,US,EST,972799200,-18000,0
America/New_York,US,EDT,986108400,-14400,1
America/New_York,US,EST,1004248800,-18000,0
America/New_York,US,EDT,1018162800,-14400,1
America/New_York,US,EST,1035698400,-18000,0
America/New_York,US,EDT,1049612400,-14400,1
America/New_York,US,EST,1067148000,-18000,0
America/New_York,US,EDT,1081062000,-14400,1
America/New_York,US,EST,1099202400,-18000,0
America/New_York,US,EDT,1112511600,-14400,1
America/New_York,US,EST,1130652000,-18000,0
America/New_York,US,EDT,1143961200,-14400,1
America/New_York,US,EST,1162101600,-18000,0
America/New_York,US,EDT,1173596400,-14400,1
America/New_York,US,EST,1194156000,-18000,0
America/New_York,US,EDT,1205046000,-14400,1
America/New_York,US,EST,1225605600,-18000,0
America/New_York,US,EDT,1236495600,-14400,1
America/New_York,US,EST,1257055200,-18000,0
America/New_York,US,EDT,1268550000,-14400,1
America/New_York,US,EST,1289109600,-18000,0
America/New_York,US,EDT,1299999600,-14400,1
America/New_York,US,EST,1320559200,-18000,0
America/New_York,US,EDT,1331449200,-14400,1
America/New_York,US,EST,1352008800,-18000,0
America/New_York,US,EDT,1362898800,-14400,1
America/New_York,US,EST,1383458400,-18000,0
America/New_York,US,EDT,1394348400,-14400,1
America/New_York,US,EST,1414908000,-18000,0
America/New_York,US,EDT,1425798000,-14400,1
America/New_York,US,EST,1446357600,-18000,0
America/New_York,US,EDT,1457852400,-14400,1
America/New_York,US,EST,1478412000,-18000,0
America/New_York,US,EDT,1489302000,-14400,1
America/New_York,US,EST,1509861600,-18000,0
America/New_York,US,EDT,1520751600,-14400,1
America/New_York,US,EST,1541311200,-18000,0
America/New_York,US,EDT,1552201200,-14400,1
America/New_York,US,EST,1572760800,-18000,0
America/New_York,US,EDT,1583650800,-14400,1
America/New_York,US,EST,1604210400,-18000,0
America/New_York,US,EDT,1615705200,-14400,1
America/New_York,US,EST,1636264800,-18000,0
America/New_York,US,EDT,1647154800,-14400,1
America/New_York,US,EST,1667714400,-18000,0
America/New_York,US,EDT,1678604400,-14400,1
America/New_York,US,EST,1699164000,-18000,0
America/New_York,US,EDT,1710054000,-14400,1
America/New_York,US,EST,1730613600,-18000,0
America/New_York,US,EDT,1741503600,-14400,1
America/New_York,US,EST,1762063200,-18000,0
America/New_York,US,EDT,1772953200,-14400,1
America/New_York,US,EST,1793512800,-18000,0
America/New_York,US,EDT,1805007600,-14400,1
America/New_York,US,EST,1825567200,-18000,0
America/New_York,US,EDT,1836457200,-14400,1
America/New_York,US,EST,1857016800,-18000,0
America/New_York,US,EDT,1867906800,-14400,1
America/New_York,US,EST,1888466400,-18000,0
America/New_York,US,EDT,1899356400,-14400,1
America/New_York,US,EST,1919916000,-18000,0
America/New_York,US,EDT,1930806000,-14400,1
America/New_York,US,EST,1951365600,-18000,0
America/New_York,US,EDT,1962860400,-14400,1
America/New_York,US,EST,1983420000,-18000,0
America/New_York,US,EDT,1994310000,-14400,1
America/New_York,US,EST,2014869600,-18000,0
America/New_York,US,EDT,2025759600,-14400,1
America/New_York,US,EST,2046319200,-18000,0
America/New_York,US,EDT,2057209200,-14400,1
America/New_York,US,EST,2077768800,-18000,0
America/New_York,US,EDT,2088658800,-14400,1
America/New_York,US,EST,2109218400,-18000,0
America/New_York,US,EDT,2120108400,-14400,1
America/New_York,US,EST,2140668000,-18000,0
America/New_York,US,EDT,2152162800,-14400,1
America/New_York,US,EST,2172722400,-18000,0
America/New_York,US,EDT,2183612400,-14400,1
America/New_York,US,EST,2204172000,-18000,0
America/New_York,US,EDT,2215062000,-14400,1
America/New_York,US,EST,2235621600,-18000,0
America/New_York,US,EDT,2246511600,-14400,1
America/New_York,US,EST,2267071200,-18000,0
America/New_York,US,EDT,2277961200,-14400,1
America/New_York,US,EST,2298520800,-18000,0
America/New_York,US,EDT,2309410800,-14400,1
America/New_York,US,EST,2329970400,-18000,0
America/New_York,US,EDT,2341465200,-14400,1
America/New_York,US,EST,2362024800,-18000,0
America/New_York,US,EDT,2372914800,-14400,1
America/New_York,US,EST,2393474400,-18000,0
America/New_York,US,EDT,2404364400,-14400,1
America/New_York,US,EST,2424924000,-18000,0
America/New_York,US,EDT,2435814000,-14400,1
America/New_York,US,EST,2456373600,-18000,0
America/New_York,US,EDT,2467263600,-14400,1
America/New_York,US,EST,2487823200,-18000,0
America/New_York,US,EDT,2499318000,-14400,1
America/New_York,US,EST,2519877600,-18000,0
America/New_York,US,EDT,2530767600,-14400,1
America/New_York,US,EST,2551327200,-18000,0
America/New_York,US,EDT,2562217200,-14400,1
America/New_York,US,EST,2582776800,-18000,0
America/New_York,US,EDT,2593666800,-14400,1
America/New_York,US,EST,2614226400,-18000,0
America/New_York,US,EDT,2625116400,-14400,1
America/New_York,US,EST,2645676000,-18000,0
America/New_York,US,EDT,2656566000,-14400,1
America/New_York,US,EST,2677125600,-18000,0
America/New_York,US,EDT,2688620400,-14400,1
America/New_York,US,EST,2709180000,-18000,0
America/New_York,US,EDT,2720070000,-14400,1
America/New_York,US,EST,2740629600,-18000,0
America/New_York,US,EDT,2751519600,-14400,1
America/New_York,US,EST,2772079200,-18000,0
America/New_York,US,EDT,2782969200,-14400,1
America/New_York,US,EST,2803528800,-18000,0
America/New_York,US,EDT,2814418800,-14400,1
America/New_York,US,EST,2834978400,-18000,0
America/New_York,US,EDT,2846473200,-14400,1
America/New_York,US,EST,2867032800,-18000,0
America/New_York,US,EDT,2877922800,-14400,1
America/New_York,US,EST,2898482400,-18000,0
America/New_York,US,EDT,2909372400,-14400,1
America/New_York,US,EST,2929932000,-18000,0
America/New_York,US,EDT,2940822000,-14400,1
America/New_York,US,EST,2961381600,-18000,0
America/New_York,US,EDT,2972271600,-14400,1
America/New_York,US,EST,2992831200,-18000,0
America/New_York,US,EDT,3003721200,-14400,1
America/New_York,US,EST,3024280800,-18000,0
America/New_York,US,EDT,3035775600,-14400,1
America/New_York,US,EST,3056335200,-18000,0
America/New_York,US,EDT,3067225200,-14400,1
America/New_York,US,EST,3087784800,-18000,0
America/New_York,US,EDT,3098674800,-14400,1
America/New_York,US,EST,3119234400,-18000,0
America/New_York,US,EDT,3130124400,-14400,1
America/New_York,US,EST,3150684000,-18000,0
America/New_York,US,EDT,3161574000,-14400,1
America/New_York,US,EST,3182133600,-18000,0
America/New_York,US,EDT,3193023600,-14400,1
America/New_York,US,EST,3213583200,-18000,0
America/New_York,US,EDT,3225078000,-14400,1
America/New_York,US,EST,3245637600,-18000,0
America/New_York,US,EDT,3256527600,-14400,1
America/New_York,US,EST,3277087200,-18000,0
America/New_York,US,EDT,3287977200,-14400,1
America/New_York,US,EST,3308536800,-18000,0
America/New_York,US,EDT,3319426800,-14400,1
America/New_York,US,EST,3339986400,-18000,0
America/New_York,US,EDT,3350876400,-14400,1
America/New_York,US,EST,3371436000,-18000,0
America/New_York,US,EDT,3382930800,-14400,1
America/New_York,US,EST,3403490400,-18000,0
America/New_York,US,EDT,3414380400,-14400,1
America/New_York,US,EST,3434940000,-18000,0
America/New_York,US,EDT,3445830000,-14400,1
America/New_York,US,EST,3466389600,-18000,0
America/New_York,US,EDT,3477279600,-14400,1
America/New_York,US,EST,3497839200,-18000,0
America/New_York,US,EDT,3508729200,-14400,1
America/New_York,US,EST,3529288800,-18000,0
America/New_York,US,EDT,3540178800,-14400,1
America/New_York,US,EST,3560738400,-18000,0
America/New_York,US,EDT,3572233200,-14400,1
America/New_York,US,EST,3592792800,-18000,0
America/New_York,US,EDT,3603682800,-14400,1
America/New_York,US,EST,3624242400,-18000,0
America/New_York,US,EDT,3635132400,-14400,1
America/New_York,US,EST,3655692000,-18000,0
America/New_York,US,EDT,3666582000,-14400,1
America/New_York,US,EST,3687141600,-18000,0
America/New_York,US,EDT,3698031600,-14400,1
America/New_York,US,EST,3718591200,-18000,0
America/New_York,US,EDT,3730086000,-14400,1
America/New_York,US,EST,3750645600,-18000,0
America/New_York,US,EDT,3761535600,-14400,1
America/New_York,US,EST,3782095200,-18000,0
America/New_York,US,EDT,3792985200,-14400,1
America/New_York,US,EST,3813544800,-18000,0
America/New_York,US,EDT,3824434800,-14400,1
America/New_York,US,EST,3844994400,-18000,0
America/New_York,US,EDT,3855884400,-14400,1
America/New_York,US,EST,3876444000,-18000,0
America/New_York,US,EDT,3887334000,-14400,1
America/New_York,US,EST,3907893600,-18000,0
America/New_York,US,EDT,3919388400,-14400,1
America/New_York,US,EST,3939948000,-18000,0
America/New_York,US,EDT,3950838000,-14400,1
America/New_York,US,EST,3971397600,-18000,0
America/New_York,US,EDT,3982287600,-14400,1
America/New_York,US,EST,4002847200,-18000,0
America/New_York,US,EDT,4013737200,-14400,1
America/New_York,US,EST,4034296800,-18000,0
America/New_York,US,EDT,4045186800,-14400,1
America/New_York,US,EST,4065746400,-18000,0
America/New_York,US,EDT,4076636400,-14400,1
America/New_York,US,EST,4097196000,-18000,0
America/New_York,US,EDT,4108690800,-14400,1
America/New_York,US,EST,4129250400,-18000,0
America/New_York,US,EDT,4140140400,-14400,1
America/New_York,US,EST,4160700000,-18000,0
America/New_York,US,EDT,4171590000,-14400,1
America/New_York,US,EST,4192149600,-18000,0
America/New_York,US,EDT,4203039600,-14400,1
America/New_York,US,EST,4223599200,-18000,0
America/New_York,US,EDT,4234489200,-14400,1
America/New_York,US,EST,4255048800,-18000,0
America/New_York,US,EDT,4265938800,-14400,1
America/New_York,US,EST,4286498400,-18000,0
America/New_York,US,EDT,4297993200,-14400,1
America/New_York,US,EST,4318552800,-18000,0
America/New_York,US,EDT,4329442800,-14400,1
America/New_York,US,EST,4350002400,-18000,0
America/New_York,US,EDT,4360892400,-14400,1
America/New_York,US,EST,4381452000,-18000,0
America/New_York,US,EDT,4392342000,-14400,1
America/New_York,US,EST,4412901600,-18000,0
America/New_York,US,EDT,4423791600,-14400,1
America/New_York,US,EST,4444351200,-18000,0
America/New_York,US,EDT,4455241200,-14400,1
America/New_York,US,EST,4475800800,-18000,0
America/New_York,US,EDT,4487295600,-14400,1
America/New_York,US,EST,4507855200,-18000,0
America/New_York,US,EDT,4518745200,-14400,1
America/New_York,US,EST,4539304800,-18000,0
America/New_York,US,EDT,4550194800,-14400,1
America/New_York,US,EST,4570754400,-18000,0
America/New_York,US,EDT,4581644400,-14400,1
America/New_York,US,EST,4602204000,-18000,0
America/New_York,US,EDT,4613094000,-14400,1
America/New_York,US,EST,4633653600,-18000,0
America/New_York,US,EDT,4645148400,-14400,1
America/New_York,US,EST,4665708000,-18000,0
America/New_York,US,EDT,4676598000,-14400,1
America/New_York,US,EST,4697157600,-18000,0
America/New_York,US,EDT,4708047600,-14400,1
America/New_York,US,EST,4728607200,-18000,0
America/New_York,US,EDT,4739497200,-14400,1
America/New_York,US,EST,4760056800,-18000,0
America/New_York,US,EDT,4770946800,-14400,1
America/New_York,US,EST,4791506400,-18000,0
America/New_York,US,EDT,4802396400,-14400,1
America/New_York,US,EST,4822956000,-18000,0
America/New_York,US,EDT,4834450800,-14400,1
America/New_York,US,EST,4855010400,-18000,0
America/New_York,US,EDT,4865900400,-14400,1
America/New_York,US,EST,4886460000,-18000,0
America/New_York,US,EDT,4897350000,-14400,1
America/New_York,US,EST,4917909600,-18000,0
America/New_York,US,EDT,4928799600,-14400,1
America/New_York,US,EST,4949359200,-18000,0
America/New_York,US,EDT,4960249200,-14400,1
America/New_York,US,EST,4980808800,-18000,0
America/New_York,US,EDT,4992303600,-14400,1
America/New_York,US,EST,5012863200,-18000,0
America/New_York,US,EDT,5023753200,-14400,1
America/New_York,US,EST,5044312800,-18000,0
America/New_York,US,EDT,5055202800,-14400,1
America/New_York,US,EST,5075762400,-18000,0
America/New_York,US,EDT,5086652400,-14400,1
America/New_York,US,EST,5107212000,-18000,0
America/New_York,US,EDT,5118102000,-14400,1
America/New_York,US,EST,5138661600,-18000,0
America/New_York,US,EDT,5149551600,-14400,1
America/New_York,US,EST,5170111200,-18000,0
America/New_York,US,EDT,5181606000,-14400,1
America/New_York,US,EST,5202165600,-18000,0
America/New_York,US,EDT,5213055600,-14400,1
America/New_York,US,EST,5233615200,-18000,0
America/New_York,US,EDT,5244505200,-14400,1
America/New_York,US,EST,5265064800,-18000,0
America/New_York,US,EDT,5275954800,-14400,1
America/New_York,US,EST,5296514400,-18000,0
America/New_York,US,EDT,5307404400,-14400,1
America/New_York,US,EST,5327964000,-18000,0
America/New_York,US,EDT,5338854000,-14400,1
America/New_York,US,EST,5359413600,-18000,0
America/New_York,US,EDT,5370908400,-14400,1
America/New_York,US,EST,5391468000,-18000,0
America/New_York,US,EDT,5402358000,-14400,1
America/New_York,US,EST,5422917600,-18000,0
America/New_York,US,EDT,5433807600,-14400,1
America/New_York,US,EST,5454367200,-18000,0
America/New_York,US,EDT,5465257200,-14400,1
America/New_York,US,EST,5485816800,-18000,0
America/New_York,US,EDT,5496706800,-14400,1
America/New_York,US,EST,5517266400,-18000,0
America/New_York,US,EDT,5528761200,-14400,1
America/New_York,US,EST,5549320800,-18000,0
America/New_York,US,EDT,5560210800,-14400,1
America/New_York,US,EST,5580770400,-18000,0
America/New_York,US,EDT,5591660400,-14400,1
America/New_York,US,EST,5612220000,-18000,0
America/New_York,US,EDT,5623110000,-14400,1
America/New_York,US,EST,5643669600,-18000,0
America/New_York,US,EDT,5654559600,-14400,1
America/New_York,US,EST,5675119200,-18000,0
America/New_York,US,EDT,5686009200,-14400,1
America/New_York,US,EST,5706568800,-18000,0
America/New_York,US,EDT,5718063600,-14400,1
America/New_York,US,EST,5738623200,-18000,0
America/New_York,US,EDT,5749513200,-14400,1
America/New_York,US,EST,5770072800,-18000,0
America/New_York,US,EDT,5780962800,-14400,1
America/New_York,US,EST,5801522400,-18000,0
America/New_York,US,EDT,5812412400,-14400,1
America/New_York,US,EST,5832972000,-18000,0
America/New_York,US,EDT,5843862000,-14400,1
America/New_York,US,EST,5864421600,-18000,0
America/New_York,US,EDT,5875916400,-14400,1
America/New_York,US,EST,5896476000,-18000,0
America/New_York,US,EDT,5907366000,-14400,1
America/New_York,US,EST,5927925600,-18000,0
America/New_York,US,EDT,5938815600,-14400,1
America/New_York,US,EST,5959375200,-18000,0
America/New_York,US,EDT,5970265200,-14400,1
America/New_York,US,EST,5990824800,-18000,0
America/New_York,US,EDT,6001714800,-14400,1
America/New_York,US,EST,6022274400,-18000,0
America/New_York,US,EDT,6033164400,-14400,1
America/New_York,US,EST,6053724000,-18000,0
America/New_York,US,EDT,6065218800,-14400,1
America/New_York,US,EST,6085778400,-18000,0
America/New_York,US,EDT,6096668400,-14400,1
America/New_York,US,EST,6117228000,-18000,0
America/New_York,US,EDT,6128118000,-14400,1
America/New_York,US,EST,6148677600,-18000,0
America/New_York,US,EDT,6159567600,-14400,1
America/New_York,US,EST,6180127200,-18000,0
America/New_York,US,EDT,6191017200,-14400,1
America/New_York,US,EST,6211576800,-18000,0
America/New_York,US,EDT,6222466800,-14400,1
America/New_York,US,EST,6243026400,-18000,0
America/New_York,US,EDT,6254521200,-14400,1
America/New_York,US,EST,6275080800,-18000,0
America/New_York,US,EDT,6285970800,-14400,1
America/New_York,US,EST,6306530400,-18000,0
America/New_York,US,EDT,6317420400,-14400,1
America/New_York,US,EST,6337980000,-18000,0
America/New_York,US,EDT,6348870000,-14400,1
America/New_York,US,EST,6369429600,-18000,0
America/New_York,US,EDT,6380319600,-14400,1
America/New_York,US,EST,6400879200,-18000,0
America/New_York,US,EDT,6412374000,-14400,1
America/New_York,US,EST,6432933600,-18000,0
America/New_York,US,EDT,6443823600,-14400,1
America/New_York,US,EST,6464383200,-18000,0
America/New_York,US,EDT,6475273200,-14400,1
America/New_York,US,EST,6495832800,-18000,0
America/New_York,US,EDT,6506722800,-14400,1
America/New_York,US,EST,6527282400,-18000,0
America/New_York,US,EDT,6538172400,-14400,1
America/New_York,US,EST,6558732000,-18000,0
America/New_York,US,EDT,6569622000,-14400,1
America/New_York,US,EST,6590181600,-18000,0
America/New_York,US,EDT,6601676400,-14400,1
America/New_York,US,EST,6622236000,-18000,0
America/New_York,US,EDT,6633126000,-14400,1
America/New_York,US,EST,6653685600,-18000,0
America/New_York,US,EDT,6664575600,-14400,1
America/New_York,US,EST,6685135200,-18000,0
America/New_York,US,EDT,6696025200,-14400,1
America/New_York,US,EST,6716584800,-18000,0
America/New_York,US,EDT,6727474800,-14400,1
America/New_York,US,EST,6748034400,-18000,0
America/New_York,US,EDT,6759529200,-14400,1
America/New_York,US,EST,6780088800,-18000,0
America/New_York,US,EDT,6790978800,-14400,1
America/New_York,US,EST,6811538400,-18000,0
America/New_York,US,EDT,6822428400,-14400,1
America/New_York,US,EST,6842988000,-18000,0
America/New_York,US,EDT,6853878000,-14400,1
America/New_York,US,EST,6874437600,-18000,0
America/New_York,US,EDT,6885327600,-14400,1
America/New_York,US,EST,6905887200,-18000,0
America/New_York,US,EDT,6916777200,-14400,1
America/New_York,US,EST,6937336800,-18000,0
America/New_York,US,EDT,6948831600,-14400,1
America/New_York,US,EST,6969391200,-18000,0
America/New_York,US,EDT,6980281200,-14400,1
America/New_York,US,EST,7000840800,-18000,0
America/New_York,US,EDT,7011730800,-14400,1
America/New_York,US,EST,7032290400,-18000,0
America/New_York,US,EDT,7043180400,-14400,1
America/New_York,US,EST,7063740000,-18000,0
America/New_York,US,EDT,7074630000,-14400,1
America/New_York,US,EST,7095189600,-18000,0
America/New_York,US,EDT,7106079600,-14400,1
America/New_York,US,EST,7126639200,-18000,0
America/New_York,US,EDT,7138134000,-14400,1
America/New_York,US,EST,7158693600,-18000,0
America/New_York,US,EDT,7169583600,-14400,1
America/New_York,US,EST,7190143200,-18000,0
America/New_York,US,EDT,7201033200,-14400,1
America/New_York,US,EST,7221592800,-18000,0
America/New_York,US,EDT,7232482800,-14400,1
America/New_York,US,EST,7253042400,-18000,0
America/New_York,US,EDT,7263932400,-14400,1
America/New_York,US,EST,7284492000,-18000,0
America/New_York,US,EDT,7295382000,-14400,1
America/New_York,US,EST,7315941600,-18000,0
America/New_York,US,EDT,7327436400,-14400,1
America/New_York,US,EST,7347996000,-18000,0
America/New_York,US,EDT,7358886000,-14400,1
America/New_York,US,EST,7379445600,-18000,0
America/New_York,US,EDT,7390335600,-14400,1
America/New_York,US,EST,7410895200,-18000,0
America/New_York,US,EDT,7421785200,-14400,1
America/New_York,US,EST,7442344800,-18000,0
America/New_York,US,EDT,7453234800,-14400,1
America/New_York,US,EST,7473794400,-18000,0
America/New_York,US,EDT,7484684400,-14400,1
America/New_York,US,EST,7505244000,-18000,0
America/New_York,US,EDT,7516738800,-14400,1
America/New_York,US,EST,7537298400,-18000,0
America/New_York,US,EDT,7548188400,-14400,1
America/New_York,US,EST,7568748000,-18000,0
America/New_York,US,EDT,7579638000,-14400,1
America/New_York,US,EST,7600197600,-18000,0
America/New_York,US,EDT,7611087600,-14400,1
America/New_York,US,EST,7631647200,-18000,0
America/New_York,US,EDT,7642537200,-14400,1
America/New_York,US,EST,7663096800,-18000,0
America/New_York,US,EDT,7674591600,-14400,1
America/New_York,US,EST,7695151200,-18000,0
America/New_York,US,EDT,7706041200,-14400,1
America/New_York,US,EST,7726600800,-18000,0
America/New_York,US,EDT,7737490800,-14400,1
America/New_York,US,EST,7758050400,-18000,0
America/New_York,US,EDT,7768940400,-14400,1
America/New_York,US,EST,7789500000,-18000,0
America/New_York,US,EDT,7800390000,-14400,1
America/New_York,US,EST,7820949600,-18000,0
America/New_York,US,EDT,7831839600,-14400,1
America/New_York,US,EST,7852399200,-18000,0
America/New_York,US,EDT,7863894000,-14400,1
America/New_York,US,EST,7884453600,-18000,0
America/New_York,US,EDT,7895343600,-14400,1
America/New_York,US,EST,7915903200,-18000,0
America/New_York,US,EDT,7926793200,-14400,1
America/New_York,US,EST,7947352800,-18000,0
America/New_York,US,EDT,7958242800,-14400,1
America/New_York,US,EST,7978802400,-18000,0
America/New_York,US,EDT,7989692400,-14400,1
America/New_York,US,EST,8010252000,-18000,0
America/New_York,US,EDT,8021746800,-14400,1
America/New_York,US,EST,8042306400,-18000,0
America/New_York,US,EDT,8053196400,-14400,1
America/New_York,US,EST,8073756000,-18000,0
America/New_York,US,EDT,8084646000,-14400,1
America/New_York,US,EST,8105205600,-18000,0
America/New_York,US,EDT,8116095600,-14400,1
America/New_York,US,EST,8136655200,-18000,0
America/New_York,US,EDT,8147545200,-14400,1
America/New_York,US,EST,8168104800,-18000,0
America/New_York,US,EDT,8178994800,-14400,1
America/New_York,US,EST,8199554400,-18000,0
America/New_York,US,EDT,8211049200,-14400,1
America/New_York,US,EST,8231608800,-18000,0
America/New_York,US,EDT,8242498800,-14400,1
America/New_York,US,EST,8263058400,-18000,0
America/New_York,US,EDT,8273948400,-14400,1
America/New_York,US,EST,8294508000,-18000,0
America/New_York,US,EDT,8305398000,-14400,1
America/New_York,US,EST,8325957600,-18000,0
America/New_York,US,EDT,8336847600,-14400,1
America/New_York,US,EST,8357407200,-18000,0
America/New_York,US,EDT,8368297200,-14400,1
America/New_York,US,EST,8388856800,-18000,0
America/New_York,US,EDT,8400351600,-14400,1
America/New_York,US,EST,8420911200,-18000,0
America/New_York,US,EDT,8431801200,-14400,1
America/New_York,US,EST,8452360800,-18000,0
America/New_York,US,EDT,8463250800,-14400,1
America/New_York,US,EST,8483810400,-18000,0
America/New_York,US,EDT,8494700400,-14400,1
America/New_York,US,EST,8515260000,-18000,0
America/New_York,US,EDT,8526150000,-14400,1
America/New_York,US,EST,8546709600,-18000,0
America/New_York,US,EDT,8558204400,-14400,1
America/New_York,US,EST,8578764000,-18000,0
America/New_York,US,EDT,8589654000,-14400,1
America/New_York,US,EST,8610213600,-18000,0
America/New_York,US,EDT,8621103600,-14400,1
America/New_York,US,EST,8641663200,-18000,0
America/New_York,US,EDT,8652553200,-14400,1
America/New_York,US,EST,8673112800,-18000,0
America/New_York,US,EDT,8684002800,-14400,1
America/New_York,US,EST,8704562400,-18000,0
America/New_York,US,EDT,8715452400,-14400,1
America/New_York,US,EST,8736012000,-18000,0
America/New_York,US,EDT,8747506800,-14400,1
America/New_York,US,EST,8768066400,-18000,0
America/New_York,US,EDT,8778956400,-14400,1
America/New_York,US,EST,8799516000,-18000,0
America/New_York,US,EDT,8810406000,-14400,1
America/New_York,US,EST,8830965600,-18000,0
America/New_York,US,EDT,8841855600,-14400,1
America/New_York,US,EST,8862415200,-18000,0
America/New_York,US,EDT,8873305200,-14400,1
America/New_York,US,EST,8893864800,-18000,0
America/New_York,US,EDT,8905359600,-14400,1
America/New_York,US,EST,8925919200,-18000,0
America/New_York,US,EDT,8936809200,-14400,1
America/New_York,US,EST,8957368800,-18000,0
America/New_York,US,EDT,8968258800,-14400,1
America/New_York,US,EST,8988818400,-18000,0
America/New_York,US,EDT,8999708400,-14400,1
America/New_York,US,EST,9020268000,-18000,0
America/New_York,US,EDT,9031158000,-14400,1
America/New_York,US,EST,9051717600,-18000,0
America/New_York,US,EDT,9062607600,-14400,1
America/New_York,US,EST,9083167200,-18000,0
America/New_York,US,EDT,9094662000,-14400,1
America/New_York,US,EST,9115221600,-18000,0
America/New_York,US,EDT,9126111600,-14400,1
America/New_York,US,EST,9146671200,-18000,0
America/New_York,US,EDT,9157561200,-14400,1
America/New_York,US,EST,9178120800,-18000,0
America/New_York,US,EDT,9189010800,-14400,1
America/New_York,US,EST,9209570400,-18000,0
America/New_York,US,EDT,9220460400,-14400,1
America/New_York,US,EST,9241020000,-18000,0
America/New_York,US,EDT,9251910000,-14400,1
America/New_York,US,EST,9272469600,-18000,0
America/New_York,US,EDT,9283964400,-14400,1
America/New_York,US,EST,9304524000,-18000,0
America/New_York,US,EDT,9315414000,-14400,1
America/New_York,US,EST,9335973600,-18000,0
America/New_York,US,EDT,9346863600,-14400,1
America/New_York,US,EST,9367423200,-18000,0
America/New_York,US,EDT,9378313200,-14400,1
America/New_York,US,EST,9398872800,-18000,0
America/New_York,US,EDT,9409762800,-14400,1
America/New_York,US,EST,9430322400,-18000,0
America/New_York,US,EDT,9441817200,-14400,1
America/New_York,US,EST,9462376800,-18000,0
America/New_York,US,EDT,9473266800,-14400,1
America/New_York,US,EST,9493826400,-18000,0
America/New_York,US,EDT,9504716400,-14400,1
America/New_York,US,EST,9525276000,-18000,0
America/New_York,US,EDT,9536166000,-14400,1
America/New_York,US,EST,9556725600,-18000,0
America/New_York,US,EDT,9567615600,-14400,1
America/New_York,US,EST,9588175200,-18000,0
America/New_York,US,EDT,9599065200,-14400,1
America/New_York,US,EST,9619624800,-18000,0
America/New_York,US,EDT,9631119600,-14400,1
America/New_York,US,EST,9651679200,-18000,0
America/New_York,US,EDT,9662569200,-14400,1
America/New_York,US,EST,9683128800,-18000,0
America/New_York,US,EDT,9694018800,-14400,1
America/New_York,US,EST,9714578400,-18000,0
America/New_York,US,EDT,9725468400,-14400,1
America/New_York,US,EST,9746028000,-18000,0
America/New_York,US,EDT,9756918000,-14400,1
America/New_York,US,EST,9777477600,-18000,0
America/New_York,US,EDT,9788972400,-14400,1
America/New_York,US,EST,9809532000,-18000,0
America/New_York,US,EDT,9820422000,-14400,1
America/New_York,US,EST,9840981600,-18000,0
America/New_York,US,EDT,9851871600,-14400,1
America/New_York,US,EST,9872431200,-18000,0
America/New_York,US,EDT,9883321200,-14400,1
America/New_York,US,EST,9903880800,-18000,0
America/New_York,US,EDT,9914770800,-14400,1
America/New_York,US,EST,9935330400,-18000,0
America/New_York,US,EDT,9946220400,-14400,1
America/New_York,US,EST,9966780000,-18000,0
America/New_York,US,EDT,9978274800,-14400,1
America/New_York,US,EST,9998834400,-18000,0
America/New_York,US,EDT,10009724400,-14400,1
America/New_York,US,EST,10030284000,-18000,0
America/New_York,US,EDT,10041174000,-14400,1
America/New_York,US,EST,10061733600,-18000,0
America/New_York,US,EDT,10072623600,-14400,1
America/New_York,US,EST,10093183200,-18000,0
America/New_York,US,EDT,10104073200,-14400,1
America/New_York,US,EST,10124632800,-18000,0
America/New_York,US,EDT,10135522800,-14400,1
America/New_York,US,EST,10156082400,-18000,0
America/New_York,US,EDT,10167577200,-14400,1
America/New_York,US,EST,10188136800,-18000,0
America/New_York,US,EDT,10199026800,-14400,1
America/New_York,US,EST,10219586400,-18000,0
America/New_York,US,EDT,10230476400,-14400,1
America/New_York,US,EST,10251036000,-18000,0
America/New_York,US,EDT,10261926000,-14400,1
America/New_York,US,EST,10282485600,-18000,0
America/New_York,US,EDT,10293375600,-14400,1
America/New_York,US,EST,10313935200,-18000,0
America/New_York,US,EDT,10325430000,-14400,1
America/New_York,US,EST,10345989600,-18000,0
America/New_York,US,EDT,10356879600,-14400,1
America/New_York,US,EST,10377439200,-18000,0
America/New_York,US,EDT,10388329200,-14400,1
America/New_York,US,EST,10408888800,-18000,0
America/New_York,US,EDT,10419778800,-14400,1
America/New_York,US,EST,10440338400,-18000,0
America/New_York,US,EDT,10451228400,-14400,1
America/New_York,US,EST,10471788000,-18000,0
America/New_York,US,EDT,10482678000,-14400,1
America/New_York,US,EST,10503237600,-18000,0
America/New_York,US,EDT,10514127600,-14400,1
America/New_York,US,EST,10534687200,-18000,0
America/New_York,US,EDT,10546182000,-14400,1
America/New_York,US,EST,10566741600,-18000,0
America/New_York,US,EDT,10577631600,-14400,1
America/New_York,US,EST,10598191200,-18000,0
America/New_York,US,EDT,10609081200,-14400,1
America/New_York,US,EST,10629640800,-18000,0
America/New_York,US,EDT,10640530800,-14400,1
America/New_York,US,EST,10661090400,-18000,0
America/New_York,US,EDT,10671980400,-14400,1
America/New_York,US,EST,10692540000,-18000,0
America/New_York,US,EDT,10704034800,-14400,1
America/New_York,US,EST,10724594400,-18000,0
America/New_York,US,EDT,10735484400,-14400,1
America/New_York,US,EST,10756044000,-18000,0
America/New_York,US,EDT,10766934000,-14400,1
America/New_York,US,EST,10787493600,-18000,0
America/New_York,US,EDT,10798383600,-14400,1
America/New_York,US,EST,10818943200,-18000,0
America/New_York,US,EDT,10829833200,-14400,1
America/New_York,US,EST,10850392800,-18000,0
America/New_York,US,EDT,10861282800,-14400,1
America/New_York,US,EST,10881842400,-18000,0
America/New_York,US,EDT,10893337200,-14400,1
America/New_York,US,EST,10913896800,-18000,0
America/New_York,US,EDT,10924786800,-14400,1
America/New_York,US,EST,10945346400,-18000,0
America/New_York,US,EDT,10956236400,-14400,1
America/New_York,US,EST,10976796000,-18000,0
America/New_York,US,EDT,10987686000,-14400,1
America/New_York,US,EST,11008245600,-18000,0
America/New_York,US,EDT,11019135600,-14400,1
America/New_York,US,EST,11039695200,-18000,0
America/New_York,US,EDT,11051190000,-14400,1
America/New_York,US,EST,11071749600,-18000,0
America/New_York,US,EDT,11082639600,-14400,1
America/New_York,US,EST,11103199200,-18000,0
America/New_York,US,EDT,11114089200,-14400,1
America/New_York,US,EST,11134648800,-18000,0
America/New_York,US,EDT,11145538800,-14400,1
America/New_York,US,EST,11166098400,-18000,0
America/New_York,US,EDT,11176988400,-14400,1
America/New_York,US,EST,11197548000,-18000,0
America/New_York,US,EDT,11208438000,-14400,1
America/New_York,US,EST,11228997600,-18000,0
America/New_York,US,EDT,11240492400,-14400,1
America/New_York,US,EST,11261052000,-18000,0
America/New_York,US,EDT,11271942000,-14400,1
America/New_York,US,EST,11292501600,-18000,0
America/New_York,US,EDT,11303391600,-14400,1
America/New_York,US,EST,11323951200,-18000,0
America/New_York,US,EDT,11334841200,-14400,1
America/New_York,US,EST,11355400800,-18000,0
America/New_York,US,EDT,11366290800,-14400,1
America/New_York,US,EST,11386850400,-18000,0
America/New_York,US,EDT,11397740400,-14400,1
America/New_York,US,EST,11418300000,-18000,0
America/New_York,US,EDT,11429794800,-14400,1
America/New_York,US,EST,11450354400,-18000,0
America/New_York,US,EDT,11461244400,-14400,1
America/New_York,US,EST,11481804000,-18000,0
America/New_York,US,EDT,11492694000,-14400,1
America/New_York,US,EST,11513253600,-18000,0
America/New_York,US,EDT,11524143600,-14400,1
America/New_York,US,EST,11544703200,-18000,0
America/New_York,US,EDT,11555593200,-14400,1
America/New_York,US,EST,11576152800,-18000,0
America/New_York,US,EDT,11587647600,-14400,1
America/New_York,US,EST,11608207200,-18000,0
America/New_York,US,EDT,11619097200,-14400,1
America/New_York,US,EST,11639656800,-18000,0
America/New_York,US,EDT,11650546800,-14400,1
America/New_York,US,EST,11671106400,-18000,0
America/New_York,US,EDT,11681996400,-14400,1
America/New_York,US,EST,11702556000,-18000,0
America/New_York,US,EDT,11713446000,-14400,1
America/New_York,US,EST,11734005600,-18000,0
America/New_York,US,EDT,11744895600,-14400,1
America/New_York,US,EST,11765455200,-18000,0
America/New_York,US,EDT,11776950000,-14400,1
America/New_York,US,EST,11797509600,-18000,0
America/New_York,US,EDT,11808399600,-14400,1
America/New_York,US,EST,11828959200,-18000,0
America/New_York,US,EDT,11839849200,-14400,1
America/New_York,US,EST,11860408800,-18000,0
America/New_York,US,EDT,11871298800,-14400,1
America/New_York,US,EST,11891858400,-18000,0
America/New_York,US,EDT,11902748400,-14400,1
America/New_York,US,EST,11923308000,-18000,0
America/New_York,US,EDT,11934802800,-14400,1
America/New_York,US,EST,11955362400,-18000,0
America/New_York,US,EDT,11966252400,-14400,1
America/New_York,US,EST,11986812000,-18000,0
America/New_York,US,EDT,11997702000,-14400,1
America/New_York,US,EST,12018261600,-18000,0
America/New_York,US,EDT,12029151600,-14400,1
America/New_York,US,EST,12049711200,-18000,0
America/New_York,US,EDT,12060601200,-14400,1
America/New_York,US,EST,12081160800,-18000,0
America/New_York,US,EDT,12092050800,-14400,1
America/New_York,US,EST,12112610400,-18000,0
America/New_York,US,EDT,12124105200,-14400,1
America/New_York,US,EST,12144664800,-18000,0
America/New_York,US,EDT,12155554800,-14400,1
America/New_York,US,EST,12176114400,-18000,0
America/New_York,US,EDT,12187004400,-14400,1
America/New_York,US,EST,12207564000,-18000,0
America/New_York,US,EDT,12218454000,-14400,1
America/New_York,US,EST,12239013600,-18000,0
America/New_York,US,EDT,12249903600,-14400,1
America/New_York,US,EST,12270463200,-18000,0
America/New_York,US,EDT,12281353200,-14400,1
America/New_York,US,EST,12301912800,-18000,0
America/New_York,US,EDT,12313407600,-14400,1
America/New_York,US,EST,12333967200,-18000,0
America/New_York,US,EDT,12344857200,-14400,1
America/New_York,US,EST,12365416800,-18000,0
America/New_York,US,EDT,12376306800,-14400,1
America/New_York,US,EST,12396866400,-18000,0
America/New_York,US,EDT,12407756400,-14400,1
America/New_York,US,EST,12428316000,-18000,0
America/New_York,US,EDT,12439206000,-14400,1
America/New_York,US,EST,12459765600,-18000,0
America/New_York,US,EDT,12471260400,-14400,1
America/New_York,US,EST,12491820000,-18000,0
America/New_York,US,EDT,12502710000,-14400,1
America/New_York,US,EST,12523269600,-18000,0
America/New_York,US,EDT,12534159600,-14400,1
America/New_York,US,EST,12554719200,-18000,0
America/New_York,US,EDT,12565609200,-14400,1
America/New_York,US,EST,12586168800,-18000,0
America/New_York,US,EDT,12597058800,-14400,1
America/New_York,US,EST,12617618400,-18000,0
America/New_York,US,EDT,12628508400,-14400,1
America/New_York,US,EST,12649068000,-18000,0
America/New_York,US,EDT,12660562800,-14400,1
America/New_York,US,EST,12681122400,-18000,0
America/New_York,US,EDT,12692012400,-14400,1
America/New_York,US,EST,12712572000,-18000,0
America/New_York,US,EDT,12723462000,-14400,1
America/New_York,US,EST,12744021600,-18000,0
America/New_York,US,EDT,12754911600,-14400,1
America/New_York,US,EST,12775471200,-18000,0
America/New_York,US,EDT,12786361200,-14400,1
America/New_York,US,EST,12806920800,-18000,0
America/New_York,US,EDT,12818415600,-14400,1
America/New_York,US,EST,12838975200,-18000,0
America/New_York,US,EDT,12849865200,-14400,1
America/New_York,US,EST,12870424800,-18000,0
America/New_York,US,EDT,12881314800,-14400,1
America/New_York,US,EST,12901874400,-18000,0
America/New_York,US,EDT,12912764400,-14400,1
America/New_York,US,EST,12933324000,-18000,0
America/New_York,US,EDT,12944214000,-14400,1
America/New_York,US,EST,12964773600,-18000,0
America/New_York,US,EDT,12975663600,-14400,1
America/New_York,US,EST,12996223200,-18000,0
America/New_York,US,EDT,13007718000,-14400,1
America/New_York,US,EST,13028277600,-18000,0
America/New_York,US,EDT,13039167600,-14400,1
America/New_York,US,EST,13059727200,-18000,0
America/New_York,US,EDT,13070617200,-14400,1
America/New_York,US,EST,13091176800,-18000,0
America/New_York,US,EDT,13102066800,-14400,1
America/New_York,US,EST,13122626400,-18000,0
America/New_York,US,EDT,13133516400,-14400,1
America/New_York,US,EST,13154076000,-18000,0
America/New_York,US,EDT,13164966000,-14400,1
America/New_York,US,EST,13185525600,-18000,0
America/New_York,US,EDT,13197020400,-14400,1
America/New_York,US,EST,13217580000,-18000,0
America/New_York,US,EDT,13228470000,-14400,1
America/New_York,US,EST,13249029600,-18000,0
America/New_York,US,EDT,13259919600,-14400,1
America/New_York,US,EST,13280479200,-18000,0
America/New_York,US,EDT,13291369200,-14400,1
America/New_York,US,EST,13311928800,-18000,0
America/New_York,US,EDT,13322818800,-14400,1
America/New_York,US,EST,13343378400,-18000,0
America/New_York,US,EDT,13354873200,-14400,1
America/New_York,US,EST,13375432800,-18000,0
America/New_York,US,EDT,13386322800,-14400,1
America/New_York,US,EST,13406882400,-18000,0
America/New_York,US,EDT,13417772400,-14400,1
America/New_York,US,EST,13438332000,-18000,0
America/New_York,US,EDT,13449222000,-14400,1
America/New_York,US,EST,13469781600,-18000,0
America/New_York,US,EDT,13480671600,-14400,1
America/New_York,US,EST,13501231200,-18000,0
America/New_York,US,EDT,13512121200,-14400,1
America/New_York,US,EST,13532680800,-18000,0
America/New_York,US,EDT,13544175600,-14400,1
America/New_York,US,EST,13564735200,-18000,0
America/New_York,US,EDT,13575625200,-14400,1
America/New_York,US,EST,13596184800,-18000,0
America/New_York,US,EDT,13607074800,-14400,1
America/New_York,US,EST,13627634400,-18000,0
America/New_York,US,EDT,13638524400,-14400,1
America/New_York,US,EST,13659084000,-18000,0
America/New_York,US,EDT,13669974000,-14400,1
America/New_York,US,EST,13690533600,-18000,0
America/New_York,US,EDT,13702028400,-14400,1
America/New_York,US,EST,13722588000,-18000,0
America/New_York,US,EDT,13733478000,-14400,1
America/New_York,US,EST,13754037600,-18000,0
America/New_York,US,EDT,13764927600,-14400,1
America/New_York,US,EST,13785487200,-18000,0
America/New_York,US,EDT,13796377200,-14400,1
America/New_York,US,EST,13816936800,-18000,0
America/New_York,US,EDT,13827826800,-14400,1
America/New_York,US,EST,13848386400,-18000,0
America/New_York,US,EDT,13859276400,-14400,1
America/New_York,US,EST,13879836000,-18000,0
America/New_York,US,EDT,13891330800,-14400,1
America/New_York,US,EST,13911890400,-18000,0
America/New_York,US,EDT,13922780400,-14400,1
America/New_York,US,EST,13943340000,-18000,0
America/New_York,US,EDT,13954230000,-14400,1
America/New_York,US,EST,13974789600,-18000,0
America/New_York,US,EDT,13985679600,-14400,1
America/New_York,US,EST,14006239200,-18000,0
America/New_York,US,EDT,14017129200,-14400,1
America/New_York,US,EST,14037688800,-18000,0
America/New_York,US,EDT,14048578800,-14400,1
America/New_York,US,EST,14069138400,-18000,0
America/New_York,US,EDT,14080633200,-14400,1
America/New_York,US,EST,14101192800,-18000,0
America/New_York,US,EDT,14112082800,-14400,1
America/New_York,US,EST,14132642400,-18000,0
America/New_York,US,EDT,14143532400,-14400,1
America/New_York,US,EST,14164092000,-18000,0
America/New_York,US,EDT,14174982000,-14400,1
America/New_York,US,EST,14195541600,-18000,0
America/New_York,US,EDT,14206431600,-14400,1
America/New_York,US,EST,14226991200,-18000,0
America/New_York,US,EDT,14238486000,-14400,1
America/New_York,US,EST,14259045600,-18000,0
America/New_York,US,EDT,14269935600,-14400,1
America/New_York,US,EST,14290495200,-18000,0
America/New_York,US,EDT,14301385200,-14400,1
America/New_York,US,EST,14321944800,-18000,0
America/New_York,US,EDT,14332834800,-14400,1
America/New_York,US,EST,14353394400,-18000,0
America/New_York,US,EDT,14364284400,-14400,1
America/New_York,US,EST,14384844000,-18000,0
America/New_York,US,EDT,14395734000,-14400,1
America/New_York,US,EST,14416293600,-18000,0
America/New_York,US,EDT,14427788400,-14400,1
America/New_York,US,EST,14448348000,-18000,0
America/New_York,US,EDT,14459238000,-14400,1
America/New_York,US,EST,14479797600,-18000,0
America/New_York,US,EDT,14490687600,-14400,1
America/New_York,US,EST,14511247200,-18000,0
America/New_York,US,EDT,14522137200,-14400,1
America/New_York,US,EST,14542696800,-18000,0
America/New_York,US,EDT,14553586800,-14400,1
America/New_York,US,EST,14574146400,-18000,0
America/New_York,US,EDT,14585641200,-14400,1
America/New_York,US,EST,14606200800,-18000,0
America/New_York,US,EDT,14617090800,-14400,1
America/New_York,US,EST,14637650400,-18000,0
America/New_York,US,EDT,14648540400,-14400,1
America/New_York,US,EST,14669100000,-18000,0
America/New_York,US,EDT,14679990000,-14400,1
America/New_York,US,EST,14700549600,-18000,0
America/New_York,US,EDT,14711439600,-14400,1
America/New_York,US,EST,14731999200,-18000,0
America/New_York,US,EDT,14742889200,-14400,1
America/New_York,US,EST,14763448800,-18000,0
America/New_York,US,EDT,14774943600,-14400,1
America/New_York,US,EST,14795503200,-18000,0
America/New_York,US,EDT,14806393200,-14400,1
America/New_York,US,EST,14826952800,-18000,0
America/New_York,US,EDT,14837842800,-14400,1
America/New_York,US,EST,14858402400,-18000,0
America/New_York,US,EDT,14869292400,-14400,1
America/New_York,US,EST,14889852000,-18000,0
America/New_York,US,EDT,14900742000,-14400,1
America/New_York,US,EST,14921301600,-18000,0
America/New_York,US,EDT,14932191600,-14400,1
America/New_York,US,EST,14952751200,-18000,0
America/New_York,US,EDT,14964246000,-14400,1
America/New_York,US,EST,14984805600,-18000,0
America/New_York,US,EDT,14995695600,-14400,1
America/New_York,US,EST,15016255200,-18000,0
America/New_York,US,EDT,15027145200,-14400,1
America/New_York,US,EST,15047704800,-18000,0
America/New_York,US,EDT,15058594800,-14400,1
America/New_York,US,EST,15079154400,-18000,0
America/New_York,US,EDT,15090044400,-14400,1
America/New_York,US,EST,15110604000,-18000,0
America/New_York,US,EDT,15122098800,-14400,1
America/New_York,US,EST,15142658400,-18000,0
America/New_York,US,EDT,15153548400,-14400,1
America/New_York,US,EST,15174108000,-18000,0
America/New_York,US,EDT,15184998000,-14400,1
America/New_York,US,EST,15205557600,-18000,0
America/New_York,US,EDT,15216447600,-14400,1
America/New_York,US,EST,15237007200,-18000,0
America/New_York,US,EDT,15247897200,-14400,1
America/New_York,US,EST,15268456800,-18000,0
America/New_York,US,EDT,15279346800,-14400,1
America/New_York,US,EST,15299906400,-18000,0
America/New_York,US,EDT,15311401200,-14400,1
America/New_York,US,EST,15331960800,-18000,0
America/New_York,US,EDT,15342850800,-14400,1
America/New_York,US,EST,15363410400,-18000,0
America/New_York,US,EDT,15374300400,-14400,1
America/New_York,US,EST,15394860000,-18000,0
America/New_York,US,EDT,15405750000,-14400,1
America/New_York,US,EST,15426309600,-18000,0
America/New_York,US,EDT,15437199600,-14400,1
America/New_York,US,EST,15457759200,-18000,0
America/New_York,US,EDT,15469254000,-14400,1
America/New_York,US,EST,15489813600,-18000,0
America/New_York,US,EDT,15500703600,-14400,1
America/New_York,US,EST,15521263200,-18000,0
America/New_York,US,EDT,15532153200,-14400,1
America/New_York,US,EST,15552712800,-18000,0
America/New_York,US,EDT,15563602800,-14400,1
America/New_York,US,EST,15584162400,-18000,0
America/New_York,US,EDT,15595052400,-14400,1
America/New_York,US,EST,15615612000,-18000,0
America/New_York,US,EDT,15626502000,-14400,1
America/New_York,US,EST,15647061600,-18000,0
America/New_York,US,EDT,15658556400,-14400,1
America/New_York,US,EST,15679116000,-18000,0
America/New_York,US,EDT,15690006000,-14400,1
America/New_York,US,EST,15710565600,-18000,0
America/New_York,US,EDT,15721455600,-14400,1
America/New_York,US,EST,15742015200,-18000,0
America/New_York,US,EDT,15752905200,-14400,1
America/New_York,US,EST,15773464800,-18000,0
America/New_York,US,EDT,15784354800,-14400,1
America/New_York,US,EST,15804914400,-18000,0
America/New_York,US,EDT,15815804400,-14400,1
America/New_York,US,EST,15836364000,-18000,0
America/New_York,US,EDT,15847858800,-14400,1
America/New_York,US,EST,15868418400,-18000,0
America/New_York,US,EDT,15879308400,-14400,1
America/New_York,US,EST,15899868000,-18000,0
America/New_York,US,EDT,15910758000,-14400,1
America/New_York,US,EST,15931317600,-18000,0
America/New_York,US,EDT,15942207600,-14400,1
America/New_York,US,EST,15962767200,-18000,0
America/New_York,US,EDT,15973657200,-14400,1
America/New_York,US,EST,15994216800,-18000,0
America/New_York,US,EDT,16005711600,-14400,1
America/New_York,US,EST,16026271200,-18000,0
America/New_York,US,EDT,16037161200,-14400,1
America/New_York,US,EST,16057720800,-18000,0
America/New_York,US,EDT,16068610800,-14400,1
America/New_York,US,EST,16089170400,-18000,0
America/New_York,US,EDT,16100060400,-14400,1
America/New_York,US,EST,16120620000,-18000,0
America/New_York,US,EDT,16131510000,-14400,1
America/New_York,US,EST,16152069600,-18000,0
America/New_York,US,EDT,16162959600,-14400,1
America/New_York,US,EST,16183519200,-18000,0
America/New_York,US,EDT,16195014000,-14400,1
America/New_York,US,EST,16215573600,-18000,0
America/New_York,US,EDT,16226463600,-14400,1
America/New_York,US,EST,16247023200,-18000,0
America/New_York,US,EDT,16257913200,-14400,1
America/New_York,US,EST,16278472800,-18000,0
America/New_York,US,EDT,16289362800,-14400,1
America/New_York,US,EST,16309922400,-18000,0
America/New_York,US,EDT,16320812400,-14400,1
America/New_York,US,EST,16341372000,-18000,0
America/New_York,US,EDT,16352866800,-14400,1
America/New_York,US,EST,16373426400,-18000,0
America/New_York,US,EDT,16384316400,-14400,1
America/New_York,US,EST,16404876000,-18000,0
America/New_York,US,EDT,16415766000,-14400,1
America/New_York,US,EST,16436325600,-18000,0
America/New_York,US,EDT,16447215600,-14400,1
America/New_York,US,EST,16467775200,-18000,0
America/New_York,US,EDT,16478665200,-14400,1
America/New_York,US,EST,16499224800,-18000,0
America/New_York,US,EDT,16510114800,-14400,1
America/New_York,US,EST,16530674400,-18000,0
America/New_York,US,EDT,16542169200,-14400,1
America/New_York,US,EST,16562728800,-18000,0
America/New_York,US,EDT,16573618800,-14400,1
America/New_York,US,EST,16594178400,-18000,0
America/New_York,US,EDT,16605068400,-14400,1
America/New_York,US,EST,16625628000,-18000,0
America/New_York,US,EDT,16636518000,-14400,1
America/New_York,US,EST,16657077600,-18000,0
America/New_York,US,EDT,16667967600,-14400,1
America/New_York,US,EST,16688527200,-18000,0
America/New_York,US,EDT,16699417200,-14400,1
America/New_York,US,EST,16719976800,-18000,0
